Workbook

Sheet Pistetaulukko
A1: XCO
A2: Sijoitus | B2: Pisteet
A3: 1 | B3: 30
A4: 2 | B4: 25
A5: 3 | B5: 21
A6: 4 | B6: 18
A7: 5 | B7: 16
A8: 6 | B8: 14
A9: 7 | B9: 12
A10: 8 | B10: 10
A11: 9 | B11: 8
A12: 10 | B12: 7
A13: 11 | B13: 6
A14: 12 | B14: 5
... A18: 16 | B18: 1
A19: Tästä eteenpäin kaikille maaliin tulleille 1 piste

Sheet DATA
A1: Laji | B1: Kilpailu | C1: Sarja | D1: Sijoitus | E1: Nimi | F1: Seura | G1: IndXCO | H1: PstXCO | I1: IndXCC | J1: PstXCC | K1: Pisteet
A2: XCO | B2: Hyvinkää XCO | C2: N-Elite | D2: 1 | E2: Mäkinen Sanna | F2: =INDEX(Taulukko25[Seura],MATCH(E2,Taulukko25[Nimi],0)) -> RSR | G2: =MATCH(D2,Pistetaulukko!A:A,0) -> 3 | H2: =INDEX(Pistetaulukko!B:B,G2) -> 30 | I2: =MATCH(D2,Pistetaulukko!D:D,0) -> #N/A | J2: =INDEX(Pistetaulukko!E:E,I2) -> #N/A | K2: =IF(Taulukko2[[#This Row],[Laji]]="XCO",Taulukko2[[#This Row],[PstXCO]],Taulukko2[[#This Row],[PstXCC]]) -> 30
A3: XCO | B3: Hyvinkää XCO | C3: N-Elite | D3: 2 | E3: Kanerva Noora | F3: =INDEX(Taulukko25[Seura],MATCH(E3,Taulukko25[Nimi],0)) -> KorsKa | G3: =MATCH(D3,Pistetaulukko!A:A,0) -> 4 | H3: =INDEX(Pistetaulukko!B:B,G3) -> 25 | I3: =MATCH(D3,Pistetaulukko!D:D,0) -> #N/A | J3: =INDEX(Pistetaulukko!E:E,I3) -> #N/A | K3: =IF(Taulukko2[[#This Row],[Laji]]="XCO",Taulukko2[[#This Row],[PstXCO]],Taulukko2[[#This Row],[PstXCC]]) -> 25
A4: XCO | B4: Hyvinkää XCO | C4: N-Elite | D4: 3 | E4: Häkkinen Hanna | F4: =INDEX(Taulukko25[Seura],MATCH(E4,Taulukko25[Nimi],0)) -> RSR | G4: =MATCH(D4,Pistetaulukko!A:A,0) -> 5 | H4: =INDEX(Pistetaulukko!B:B,G4) -> 21 | I4: =MATCH(D4,Pistetaulukko!D:D,0) -> #N/A | J4: =INDEX(Pistetaulukko!E:E,I4) -> #N/A | K4: =IF(Taulukko2[[#This Row],[Laji]]="XCO",Taulukko2[[#This Row],[PstXCO]],Taulukko2[[#This Row],[PstXCC]]) -> 21
A5: XCO | B5: Hyvinkää XCO | C5: N-Elite | D5: 4 | E5: Orvola Stella | F5: =INDEX(Taulukko25[Seura],MATCH(E5,Taulukko25[Nimi],0)) -> RMTB | G5: =MATCH(D5,Pistetaulukko!A:A,0) -> 6 | H5: =INDEX(Pistetaulukko!B:B,G5) -> 18 | I5: =MATCH(D5,Pistetaulukko!D:D,0) -> #N/A | J5: =INDEX(Pistetaulukko!E:E,I5) -> #N/A | K5: =IF(Taulukko2[[#This Row],[Laji]]="XCO",Taulukko2[[#This Row],[PstXCO]],Taulukko2[[#This Row],[PstXCC]]) -> 18
A6: XCO | B6: Hyvinkää XCO | C6: N40 | D6: 1 | E6: Pirhonen Marja | F6: =INDEX(Taulukko25[Seura],MATCH(E6,Taulukko25[Nimi],0)) -> VlkMTB | G6: =MATCH(D6,Pistetaulukko!A:A,0) -> 3 | H6: =INDEX(Pistetaulukko!B:B,G6) -> 30 | I6: =MATCH(D6,Pistetaulukko!D:D,0) -> #N/A | J6: =INDEX(Pistetaulukko!E:E,I6) -> #N/A | K6: =IF(Taulukko2[[#This Row],[Laji]]="XCO",Taulukko2[[#This Row],[PstXCO]],Taulukko2[[#This Row],[PstXCC]]) -> 30
A7: XCO | B7: Hyvinkää XCO | C7: M-Elite | D7: 1 | E7: Rantanen Aksel | F7: =INDEX(Taulukko25[Seura],MATCH(E7,Taulukko25[Nimi],0)) -> VlkMTB | G7: =MATCH(D7,Pistetaulukko!A:A,0) -> 3 | H7: =INDEX(Pistetaulukko!B:B,G7) -> 30 | I7: =MATCH(D7,Pistetaulukko!D:D,0) -> #N/A | J7: =INDEX(Pistetaulukko!E:E,I7) -> #N/A | K7: =IF(Taulukko2[[#This Row],[Laji]]="XCO",Taulukko2[[#This Row],[PstXCO]],Taulukko2[[#This Row],[PstXCC]]) -> 30
A8: XCO | B8: Hyvinkää XCO | C8: M-Elite | D8: 2 | E8: Utkin Mikhail | F8: =INDEX(Taulukko25[Seura],MATCH(E8,Taulukko25[Nimi],0)) -> Akilles | G8: =MATCH(D8,Pistetaulukko!A:A,0) -> 4 | H8: =INDEX(Pistetaulukko!B:B,G8) -> 25 | I8: =MATCH(D8,Pistetaulukko!D:D,0) -> #N/A | J8: =INDEX(Pistetaulukko!E:E,I8) -> #N/A | K8: =IF(Taulukko2[[#This Row],[Laji]]="XCO",Taulukko2[[#This Row],[PstXCO]],Taulukko2[[#This Row],[PstXCC]]) -> 25
A9: XCO | B9: Hyvinkää XCO | C9: M-Elite | D9: 3 | E9: Simonen Niklas | F9: =INDEX(Taulukko25[Seura],MATCH(E9,Taulukko25[Nimi],0)) -> TWD-Länken | G9: =MATCH(D9,Pistetaulukko!A:A,0) -> 5 | H9: =INDEX(Pistetaulukko!B:B,G9) -> 21 | I9: =MATCH(D9,Pistetaulukko!D:D,0) -> #N/A | J9: =INDEX(Pistetaulukko!E:E,I9) -> #N/A | K9: =IF(Taulukko2[[#This Row],[Laji]]="XCO",Taulukko2[[#This Row],[PstXCO]],Taulukko2[[#This Row],[PstXCC]]) -> 21
A10: XCO | B10: Hyvinkää XCO | C10: M-Elite | D10: 4 | E10: Kleemola Joona | F10: =INDEX(Taulukko25[Seura],MATCH(E10,Taulukko25[Nimi],0)) -> LaPy | G10: =MATCH(D10,Pistetaulukko!A:A,0) -> 6 | H10: =INDEX(Pistetaulukko!B:B,G10) -> 18 | I10: =MATCH(D10,Pistetaulukko!D:D,0) -> #N/A | J10: =INDEX(Pistetaulukko!E:E,I10) -> #N/A | K10: =IF(Taulukko2[[#This Row],[Laji]]="XCO",Taulukko2[[#This Row],[PstXCO]],Taulukko2[[#This Row],[PstXCC]]) -> 18
A11: XCO | B11: Hyvinkää XCO | C11: MU19 | D11: 1 | E11: Hongisto Eero | F11: =INDEX(Taulukko25[Seura],MATCH(E11,Taulukko25[Nimi],0)) -> LrPy | G11: =MATCH(D11,Pistetaulukko!A:A,0) -> 3 | H11: =INDEX(Pistetaulukko!B:B,G11) -> 30 | I11: =MATCH(D11,Pistetaulukko!D:D,0) -> #N/A | J11: =INDEX(Pistetaulukko!E:E,I11) -> #N/A | K11: =IF(Taulukko2[[#This Row],[Laji]]="XCO",Taulukko2[[#This Row],[PstXCO]],Taulukko2[[#This Row],[PstXCC]]) -> 30
A12: XCO | B12: Hyvinkää XCO | C12: MU19 | D12: 2 | E12: Kangasluoma Väinö | F12: =INDEX(Taulukko25[Seura],MATCH(E12,Taulukko25[Nimi],0)) -> Rideep | G12: =MATCH(D12,Pistetaulukko!A:A,0) -> 4 | H12: =INDEX(Pistetaulukko!B:B,G12) -> 25 | I12: =MATCH(D12,Pistetaulukko!D:D,0) -> #N/A | J12: =INDEX(Pistetaulukko!E:E,I12) -> #N/A | K12: =IF(Taulukko2[[#This Row],[Laji]]="XCO",Taulukko2[[#This Row],[PstXCO]],Taulukko2[[#This Row],[PstXCC]]) -> 25
A13: XCO | B13: Hyvinkää XCO | C13: MU19 | D13: 3 | E13: Kaapu Oiva | F13: =INDEX(Taulukko25[Seura],MATCH(E13,Taulukko25[Nimi],0)) -> VlkMTB | G13: =MATCH(D13,Pistetaulukko!A:A,0) -> 5 | H13: =INDEX(Pistetaulukko!B:B,G13) -> 21 | I13: =MATCH(D13,Pistetaulukko!D:D,0) -> #N/A | J13: =INDEX(Pistetaulukko!E:E,I13) -> #N/A | K13: =IF(Taulukko2[[#This Row],[Laji]]="XCO",Taulukko2[[#This Row],[PstXCO]],Taulukko2[[#This Row],[PstXCC]]) -> 21
... A18: XCO | B18: Hyvinkää XCO | C18: M40 | D18: 1 | E18: Hesso Johannes | F18: =INDEX(Taulukko25[Seura],MATCH(E18,Taulukko25[Nimi],0)) -> CCH | G18: =MATCH(D18,Pistetaulukko!A:A,0) -> 3 | H18: =INDEX(Pistetaulukko!B:B,G18) -> 30 | I18: =MATCH(D18,Pistetaulukko!D:D,0) -> #N/A | J18: =INDEX(Pistetaulukko!E:E,I18) -> #N/A | K18: =IF(Taulukko2[[#This Row],[Laji]]="XCO",Taulukko2[[#This Row],[PstXCO]],Taulukko2[[#This Row],[PstXCC]]) -> 30
A19: XCO | B19: Hyvinkää XCO | C19: M40 | D19: 2 | E19: Malm Mika | F19: =INDEX(Taulukko25[Seura],MATCH(E19,Taulukko25[Nimi],0)) -> TY | G19: =MATCH(D19,Pistetaulukko!A:A,0) -> 4 | H19: =INDEX(Pistetaulukko!B:B,G19) -> 25 | I19: =MATCH(D19,Pistetaulukko!D:D,0) -> #N/A | J19: =INDEX(Pistetaulukko!E:E,I19) -> #N/A | K19: =IF(Taulukko2[[#This Row],[Laji]]="XCO",Taulukko2[[#This Row],[PstXCO]],Taulukko2[[#This Row],[PstXCC]]) -> 25 | L19: =IF(A2="XCO",1,0) -> 1
A20: XCO | B20: Hyvinkää XCO | C20: M50 | D20: 1 | E20: Korpela Aki | F20: =INDEX(Taulukko25[Seura],MATCH(E20,Taulukko25[Nimi],0)) -> VlkMTB | G20: =MATCH(D20,Pistetaulukko!A:A,0) -> 3 | H20: =INDEX(Pistetaulukko!B:B,G20) -> 30 | I20: =MATCH(D20,Pistetaulukko!D:D,0) -> #N/A | J20: =INDEX(Pistetaulukko!E:E,I20) -> #N/A | K20: =IF(Taulukko2[[#This Row],[Laji]]="XCO",Taulukko2[[#This Row],[PstXCO]],Taulukko2[[#This Row],[PstXCC]]) -> 30
A21: XCO | B21: Hyvinkää XCO | C21: M50 | D21: 2 | E21: Hakala Arto | F21: =INDEX(Taulukko25[Seura],MATCH(E21,Taulukko25[Nimi],0)) -> VlkMTB | G21: =MATCH(D21,Pistetaulukko!A:A,0) -> 4 | H21: =INDEX(Pistetaulukko!B:B,G21) -> 25 | I21: =MATCH(D21,Pistetaulukko!D:D,0) -> #N/A | J21: =INDEX(Pistetaulukko!E:E,I21) -> #N/A | K21: =IF(Taulukko2[[#This Row],[Laji]]="XCO",Taulukko2[[#This Row],[PstXCO]],Taulukko2[[#This Row],[PstXCC]]) -> 25
A22: XCO | B22: Hyvinkää XCO | C22: M50 | D22: 3 | E22: Laine Mikko | F22: =INDEX(Taulukko25[Seura],MATCH(E22,Taulukko25[Nimi],0)) -> CC Ilves | G22: =MATCH(D22,Pistetaulukko!A:A,0) -> 5 | H22: =INDEX(Pistetaulukko!B:B,G22) -> 21 | I22: =MATCH(D22,Pistetaulukko!D:D,0) -> #N/A | J22: =INDEX(Pistetaulukko!E:E,I22) -> #N/A | K22: =IF(Taulukko2[[#This Row],[Laji]]="XCO",Taulukko2[[#This Row],[PstXCO]],Taulukko2[[#This Row],[PstXCC]]) -> 21
A23: XCO | B23: Hyvinkää XCO | C23: M50 | D23: 4 | E23: Vainio Panu | F23: =INDEX(Taulukko25[Seura],MATCH(E23,Taulukko25[Nimi],0)) -> CCH | G23: =MATCH(D23,Pistetaulukko!A:A,0) -> 6 | H23: =INDEX(Pistetaulukko!B:B,G23) -> 18 | I23: =MATCH(D23,Pistetaulukko!D:D,0) -> #N/A | J23: =INDEX(Pistetaulukko!E:E,I23) -> #N/A | K23: =IF(Taulukko2[[#This Row],[Laji]]="XCO",Taulukko2[[#This Row],[PstXCO]],Taulukko2[[#This Row],[PstXCC]]) -> 18
A24: XCO | B24: Cycli-XCO | C24: N-Elite | D24: 1 | E24: Alusniemi Sini | F24: =INDEX(Taulukko25[Seura],MATCH(E24,Taulukko25[Nimi],0)) -> JYPS | G24: =MATCH(D24,Pistetaulukko!A:A,0) -> 3 | H24: =INDEX(Pistetaulukko!B:B,G24) -> 30 | I24: =MATCH(D24,Pistetaulukko!D:D,0) -> #N/A | J24: =INDEX(Pistetaulukko!E:E,I24) -> #N/A | K24: =IF(Taulukko2[[#This Row],[Laji]]="XCO",Taulukko2[[#This Row],[PstXCO]],Taulukko2[[#This Row],[PstXCC]]) -> 30
A25: XCO | B25: Cycli-XCO | C25: N-Elite | D25: 2 | E25: Kanerva Noora | F25: =INDEX(Taulukko25[Seura],MATCH(E25,Taulukko25[Nimi],0)) -> KorsKa | G25: =MATCH(D25,Pistetaulukko!A:A,0) -> 4 | H25: =INDEX(Pistetaulukko!B:B,G25) -> 25 | I25: =MATCH(D25,Pistetaulukko!D:D,0) -> #N/A | J25: =INDEX(Pistetaulukko!E:E,I25) -> #N/A | K25: =IF(Taulukko2[[#This Row],[Laji]]="XCO",Taulukko2[[#This Row],[PstXCO]],Taulukko2[[#This Row],[PstXCC]]) -> 25
A26: XCO | B26: Cycli-XCO | C26: N-Elite | D26: 3 | E26: Teronen Anni | F26: =INDEX(Taulukko25[Seura],MATCH(E26,Taulukko25[Nimi],0)) -> ProMTB | G26: =MATCH(D26,Pistetaulukko!A:A,0) -> 5 | H26: =INDEX(Pistetaulukko!B:B,G26) -> 21 | I26: =MATCH(D26,Pistetaulukko!D:D,0) -> #N/A | J26: =INDEX(Pistetaulukko!E:E,I26) -> #N/A | K26: =IF(Taulukko2[[#This Row],[Laji]]="XCO",Taulukko2[[#This Row],[PstXCO]],Taulukko2[[#This Row],[PstXCC]]) -> 21
A27: XCO | B27: Cycli-XCO | C27: N-Elite | D27: 4 | E27: Kansikas Sofia | F27: =INDEX(Taulukko25[Seura],MATCH(E27,Taulukko25[Nimi],0)) -> CCH | G27: =MATCH(D27,Pistetaulukko!A:A,0) -> 6 | H27: =INDEX(Pistetaulukko!B:B,G27) -> 18 | I27: =MATCH(D27,Pistetaulukko!D:D,0) -> #N/A | J27: =INDEX(Pistetaulukko!E:E,I27) -> #N/A | K27: =IF(Taulukko2[[#This Row],[Laji]]="XCO",Taulukko2[[#This Row],[PstXCO]],Taulukko2[[#This Row],[PstXCC]]) -> 18
A28: XCO | B28: Cycli-XCO | C28: N40 | D28: 1 | E28: Mielonen Noora | F28: =INDEX(Taulukko25[Seura],MATCH(E28,Taulukko25[Nimi],0)) -> Rideep | G28: =MATCH(D28,Pistetaulukko!A:A,0) -> 3 | H28: =INDEX(Pistetaulukko!B:B,G28) -> 30 | I28: =MATCH(D28,Pistetaulukko!D:D,0) -> #N/A | J28: =INDEX(Pistetaulukko!E:E,I28) -> #N/A | K28: =IF(Taulukko2[[#This Row],[Laji]]="XCO",Taulukko2[[#This Row],[PstXCO]],Taulukko2[[#This Row],[PstXCC]]) -> 30
A29: XCO | B29: Cycli-XCO | C29: N40 | D29: 2 | E29: Hernetkoski Hanna | F29: =INDEX(Taulukko25[Seura],MATCH(E29,Taulukko25[Nimi],0)) -> RaKe | G29: =MATCH(D29,Pistetaulukko!A:A,0) -> 4 | H29: =INDEX(Pistetaulukko!B:B,G29) -> 25 | I29: =MATCH(D29,Pistetaulukko!D:D,0) -> #N/A | J29: =INDEX(Pistetaulukko!E:E,I29) -> #N/A | K29: =IF(Taulukko2[[#This Row],[Laji]]="XCO",Taulukko2[[#This Row],[PstXCO]],Taulukko2[[#This Row],[PstXCC]]) -> 25
A30: XCO | B30: Cycli-XCO | C30: NU19 | D30: 1 | E30: Pietilä Anni | F30: =INDEX(Taulukko25[Seura],MATCH(E30,Taulukko25[Nimi],0)) -> OTC | G30: =MATCH(D30,Pistetaulukko!A:A,0) -> 3 | H30: =INDEX(Pistetaulukko!B:B,G30) -> 30 | I30: =MATCH(D30,Pistetaulukko!D:D,0) -> #N/A | J30: =INDEX(Pistetaulukko!E:E,I30) -> #N/A | K30: =IF(Taulukko2[[#This Row],[Laji]]="XCO",Taulukko2[[#This Row],[PstXCO]],Taulukko2[[#This Row],[PstXCC]]) -> 30
A31: XCO | B31: Cycli-XCO | C31: M-Elite | D31: 1 | E31: Savaste Joni | F31: =INDEX(Taulukko25[Seura],MATCH(E31,Taulukko25[Nimi],0)) -> RaKe / Team Evoc | G31: =MATCH(D31,Pistetaulukko!A:A,0) -> 3 | H31: =INDEX(Pistetaulukko!B:B,G31) -> 30 | I31: =MATCH(D31,Pistetaulukko!D:D,0) -> #N/A | J31: =INDEX(Pistetaulukko!E:E,I31) -> #N/A | K31: =IF(Taulukko2[[#This Row],[Laji]]="XCO",Taulukko2[[#This Row],[PstXCO]],Taulukko2[[#This Row],[PstXCC]]) -> 30
... A200: XCO | B200: 6. XCO-SM | C200: NU19 | D200: 4 | E200: Koivula Ella | F200: =INDEX(Taulukko25[Seura],MATCH(E200,Taulukko25[Nimi],0)) -> KorsKa | G200: =MATCH(D200,Pistetaulukko!A:A,0) -> 6 | H200: =INDEX(Pistetaulukko!B:B,G200) -> 18 | I200: =MATCH(D200,Pistetaulukko!D:D,0) -> #N/A | J200: =INDEX(Pistetaulukko!E:E,I200) -> #N/A | K200: =IF(Taulukko2[[#This Row],[Laji]]="XCO",Taulukko2[[#This Row],[PstXCO]],Taulukko2[[#This Row],[PstXCC]]) -> 18
K895: n e n

Sheet Seurat
A1: Nimi | B1: Seura | C1: Sarake1
A2: Aittakorpi Ante | B2: RaKe
A3: Alaluusua Rene | B3: TVC
A4: Alhonen Sofia | B4: IK-32
A5: Arminen Anton | B5: KorsKa
A6: Aspholm Finley | B6: Akilles
A7: Astikainen Oskari | B7: LrPy
A8: Autio Elias | B8: OTC
A9: Berg Kevin | B9: Ei SP jäsenseura
A10: Bloigo Mattias | B10: Ei SP jäsenseura
A11: Blomback Saga | B11: JurU
A12: Borremans Kasper | B12: RaKe
A13: Borremans Lotte | B13: RaKe
... A16: Eklund Oliver | B16: Ei SP jäsenseura
A17: Ekman Iris | B17: Ei SP jäsenseura | C17: MTBCF ry
A18: Enojärvi Aatu | B18: TCC
A19: Eskelinen Aatos | B19: RaKe
A20: Eskelinen Elias | B20: RaKe
A21: Eskelinen Hilla | B21: RaKe
A22: Gillett Fionn | B22: Ei SP jäsenseura | C22: Ei seuraa
A23: Golubkova Varvara | B23: UP
A24: Granberg Isac | B24: GIF
A25: Granberg Jeremia | B25: GIF
A26: Haataja Vili | B26: OPP
A27: Hakala Mari | B27: UP
A28: Halminen Iiro | B28: HyPy
A29: Harakka Frans | B29: RaKe
A30: Hassinen Noora | B30: RaKe
A31: Hassinen Sonja | B31: RaKe
A32: Heikkinen Eeli | B32: JäPy
A33: Heikkinen Iiris | B33: GIF
A34: Heikkinen Inari | B34: OTC
A35: Heikkinen Vilho | B35: JäPy
A36: Heimonen Eemeli | B36: Ei SP jäsenseura | C36: Iivari mty
A37: Heimonen Elsa | B37: Ei SP jäsenseura | C37: Iivari mty
A38: Heinänen Eino | B38: RaKe
A39: Heinänen Henrik | B39: RaKe
A40: Heiskanen Tuomo | B40: Ei SP jäsenseura | C40: Ei seuraa
A41: Helander Niklas | B41: HHCMB
A42: Helenius Olli | B42: KorsKa
A43: Henriksson Dani | B43: RaKe
A44: Henriksson Tatu | B44: RaKe
A45: Hilli Timi | B45: Rideep
A46: Hintikka Elias | B46: Ei SP jäsenseura
A47: Hintikka Kauri | B47: Ei SP jäsenseura
A48: Hintikka Niila | B48: Ei SP jäsenseura
A49: Hirvo Hannes | B49: VlkMTB
A50: Hirvonen Joona | B50: OTC
A51: Holopainen Alex | B51: KoiI
A52: Holopainen Arttu | B52: KoiI
... A54: Holopainen Väinö | B54: CCH
A55: Holstikko Fiona | B55: Ei SP jäsenseura | C55: PKK
A56: Holstikko Isla | B56: ProMTB
A57: Hongisto Eero | B57: LrPy
A58: Honkaniemi Lenni | B58: Ei SP jäsenseura | C58: Ei seuraa
A59: Huhtala Veikko | B59: HyPy
A60: Huikko Oskar | B60: KorsKa
A61: Hukka Hermanni | B61: Ei SP jäsenseura | C61: Ei seuraa
A62: Huttunen Ilmari | B62: Ei SP jäsenseura | C62: Ei seuraa
A63: Huusko Jimi | B63: KorsKa
A64: Hynninen Richard | B64: Ei SP jäsenseura | C64: EST
A65: Hyttinen Eeli | B65: Akilles
A66: Hyytiäinen Joona | B66: Ei SP jäsenseura
A67: Hyytiäinen Miika | B67: Ei SP jäsenseura
A68: Häikiö Aaro | B68: OTC
A69: Häkkinen Eepi | B69: Ei SP jäsenseura | C69: Haukivuoren Kisailijat
A70: Häkämies Eero | B70: UP
A71: Hämäläinen Anton | B71: Ei SP jäsenseura
A72: Häyrinen Aarni | B72: JYPS
A73: Iivonen Anni | B73: RaKe
A74: Iivonen Oiva | B74: TCC
A75: Ijäs Niilo | B75: Ei SP jäsenseura | C75: RedRock Cycling Club
A76: Ikonen Eeli | B76: JoensPy
A77: Ilmonen Väinö | B77: LaPy
A78: Jaakkola Jooa | B78: KorsKa
A79: Jaakonsaari Eino | B79: Ei SP jäsenseura | C79: Team Super Idol
A80: Jaakonsaari Roope | B80: Ei SP jäsenseura | C80: Team Super Idol
A81: Jalonen Viljami | B81: KorsKa
A82: Jamal Hussein | B82: LaPy
A83: Jokinen Elmo | B83: CCH
A84: Jordas Ellen | B84: Akilles
A85: Juntunen Niko | B85: HyPy
A86: Jurvelin Iina | B86: OPP
A87: Jussila Veikka | B87: KorsKa
A88: Jyrämö Jenna | B88: VlkMTB
A89: Järvinen Kerttu | B89: Ei SP jäsenseura | C89: Jämsänkoski
A90: Jäväjä Sampo | B90: OTC
A91: Jäväjä Sisu | B91: OTC
A92: Kaapu Oiva | B92: VlkMTB
A93: Kaarjärv Mairit | B93: Ei SP jäsenseura | C93: EST
A94: Kahelin Jasu | B94: Ei SP jäsenseura | C94: Jyväskylä
A95: Kairikko Lauri | B95: RaKe
A96: Kalliomäki Ossi | B96: VlkMTB
A97: Kanerva Pipsa | B97: LaPy
A98: Kanerva Sisu | B98: LaPy
A99: Kangasluoma Väinö | B99: Rideep
A100: Kangasluoma Väinö | B100: Rideep
A101: Kareisto Jaani | B101: OTC
A102: Karimies Toivo | B102: HyPy
A103: Karislahti Aapeli | B103: ProMTB
...

Sheet Suttu

Sheet Pivot 2024
A3: Summa / Pisteet | C3: Kilpailu
A4: Sarja | B4: Nimi | C4: Hyvinkää XCO | D4: Cycli-XCO | E4: 3.Köykäri XCC | F4: 4.Köykäri XCO | G4: 5. XCC-SM | H4: 6. XCO-SM | I4: 7. Korsisaari | J4: 8. Rovaniemi | K4: Kaikki yhteensä
A5: M-Elite
B6: Utkin Mikhail | C6: 17 | D6: 15 | E6: 10 | F6: 20 | G6: 8 | I6: 20 | K6: 90
B7: Rantanen Aksel | C7: 20 | D7: 17 | G7: 10 | H7: 20 | K7: 67
B8: Lehtinen Sakari | H8: 15 | I8: 17 | K8: 32
B9: Savaste Joni | D9: 20 | J9: 10 | K9: 30
B10: Tuppurainen Ville | G10: 6 | H10: 17 | K10: 23
B11: Vainio Mikko | E11: 6 | F11: 13 | K11: 19
B12: Teppo Petja | F12: 17 | K12: 17
B13: Lipponen Aatu | F13: 15 | K13: 15
B14: Härginen Dani | I14: 15 | K14: 15
B15: Simonen Niklas | C15: 15 | K15: 15
B16: Terho Niko | D16: 13 | K16: 13
B17: Pelkonen Ville | I17: 13 | K17: 13
B18: Kleemola Joona | C18: 13 | K18: 13
B19: Sairanen Iiro | D19: 11 | K19: 11
B20: Heikkilä Niko | J20: 8 | K20: 8
B21: Karsikas Ilkka | E21: 8 | K21: 8
B22: Halme Sasu | J22: 6 | K22: 6
B23: Väänänen Heikki | G23: 5 | K23: 5
B24: Havana Juha | J24: 5 | K24: 5
B25: Terävä Simo | J25: 4 | K25: 4
B26: Halme Samuel | G26: 4 | K26: 4
B27: Ahtosalo Matias | G27: 3 | K27: 3
B28: Hongisto Eero | J28: 3 | K28: 3
A29: N-Elite
B30: Alusniemi Sini | D30: 20 | F30: 20 | H30: 20 | I30: 20 | K30: 80
B31: Kanerva Noora | C31: 17 | D31: 17 | H31: 17 | K31: 51
B32: Tapio Anni | E32: 10 | F32: 17 | G32: 4 | H32: 11 | J32: 8 | K32: 50
B33: Havana Henna-Mari | G33: 10 | H33: 13 | J33: 10 | K33: 33
B34: Häkkinen Hanna | C34: 15 | H34: 15 | K34: 30
B35: Mäkinen Sanna | C35: 20 | K35: 20
B36: Orvola Stella | C36: 13 | J36: 6 | K36: 19
B37: Teronen Anni | D37: 15 | K37: 15
B38: Kansikas Sofia | D38: 13 | K38: 13
B39: Saarela Ruska | G39: 8 | K39: 8
B40: Snäll Astrid | G40: 6 | K40: 6
B41: Johansson Idamari | G41: 5 | K41: 5
A42: MU19
B43: Hongisto Eero | C43: 20 | D43: 17 | E43: 8 | F43: 20 | G43: 6 | H43: 13 | K43: 84
B44: Kangasluoma Väinö | C44: 17 | D44: 13 | E44: 10 | F44: 17 | G44: 5 | H44: 15 | K44: 77
B45: Sundkvist William | D45: 20 | G45: 8 | H45: 20 | K45: 48
B46: Juntunen Niko | C46: 13 | E46: 6 | F46: 15 | G46: 2 | H46: 9 | K46: 45
B47: Jalonen Viljami | C47: 11 | I47: 20 | J47: 10 | K47: 41
B48: Kuusniemi Kalle | D48: 11 | H48: 8 | I48: 17 | K48: 36
B49: Autio Elias | C49: 10 | D49: 10 | H49: 7 | J49: 8 | K49: 35
B50: Kaapu Oiva | C50: 15 | G50: 3 | H50: 10 | K50: 28
B51: Teppo Petja | G51: 10 | H51: 17 | K51: 27
B52: Granberg Isaac | D52: 15 | K52: 15
B53: Lampila Veli | G53: 4 | H53: 11 | K53: 15
B54: Suomalainen Tuomas | C54: 9 | K54: 9
B55: Toivonen Nuutti | G55: 1 | K55: 1
A56: NU19
B57: Pietilä Anni | D57: 20 | E57: 6 | F57: 15 | G57: 8 | H57: 17 | K57: 66
B58: Teronen Anni | E58: 10 | F58: 20 | G58: 10 | H58: 20 | K58: 60
B59: Koivula Ella | E59: 4 | F59: 11 | G59: 5 | H59: 13 | J59: 10 | K59: 43
B60: Kaarjärv Mairit | E60: 8 | F60: 17 | K60: 25
B61: Orvola Stella | E61: 5 | F61: 13 | K61: 18
B62: Jordan Ellen | H62: 15 | K62: 15
B63: Kapanen Elisabet | G63: 6 | K63: 6
A64: M40
B65: Nieminen Pekka | E65: 10 | F65: 20 | G65: 6 | H65: 17 | I65: 20 | K65: 73
B66: Malm Mika | C66: 17 | D66: 17 | E66: 6 | F66: 13 | G66: 3 | H66: 9 | K66: 65
B67: Tikkala Arto | F67: 15 | H67: 10 | J67: 10 | K67: 35
B68: Miettinen Olli | G68: 5 | H68: 20 | K68: 25
B69: Havana Juha | G69: 10 | H69: 13 | K69: 23
B70: Kupiainen Mikko | G70: 8 | H70: 15 | K70: 23
B71: Hesso Johannes | C71: 20 | K71: 20
B72: Ristimäki Juha | D72: 20 | K72: 20
B73: Härginen Dani | F73: 17 | K73: 17
B74: Kuitto Antti | I74: 17 | K74: 17
B75: Timmerbacka Juhani | E75: 5 | J75: 8 | K75: 13
B76: Niskakangas Heikki | H76: 11 | K76: 11
B77: Laitila Veikko | E77: 8 | G77: 2 | K77: 10
B78: Stenmark Mattias | G78: 1 | H78: 8 | K78: 9
B79: Åkerman Tord | E79: 4 | K79: 4
B80: Sairanen Iiro | G80: 4 | K80: 4
B81: Niku Jussi | E81: 3 | K81: 3
A82: N40
B83: Pirhonen Marja | C83: 20 | G83: 8 | H83: 20 | K83: 48
B84: Mielonen Noora | D84: 20 | G84: 10 | H84: 17 | K84: 47
B85: Hernetkoski Hanna | D85: 17 | E85: 5 | F85: 13 | G85: 6 | K85: 41
B86: Perälä Suvi | E86: 6 | F86: 15 | I86: 20 | K86: 41
B87: Orvola Sari | E87: 8 | F87: 17 | J87: 10 | K87: 35
B88: Kaarjärv Maris | E88: 10 | F88: 20 | K88: 30
B89: Rusanen Riikka | H89: 15 | K89: 15
B90: Eskelinen Annika | G90: 5 | K90: 5
A91: M50
B92: Hakala Arto | C92: 17 | D92: 20 | E92: 10 | F92: 17 | G92: 6 | H92: 17 | I92: 20 | K92: 107
B93: Parkkinen Markus | F93: 20 | G93: 10 | H93: 15 | K93: 45
B94: Vainio Panu | C94: 13 | H94: 13 | I94: 17 | K94: 43
B95: Laine Mikko | C95: 15 | H95: 11 | I95: 15 | K95: 41
B96: Korpela Aki | C96: 20 | K96: 20
B97: Visuri Samuli | H97: 20 | K97: 20
B98: Nurminen Ilkka | G98: 4 | H98: 10 | K98: 14
B99: Heinikainen Jari | G99: 8 | K99: 8
B100: Mursu Jaakko | G100: 5 | K100: 5
A101: N50
B102: Laakkonen Katariina | H102: 20 | K102: 20
...

Sheet XCO-CUP Pistetilanne
A1: XCO-CUP 2024
A2: Suomen Pyöräily
A3: Palaute: vesa.laapas@pyoraily.fi
A4: XCO-CUP internet-sivusto
B6: Kilpailut
A7: 1 | B7: Hyvinkää XCO
A8: 2 | B8: Cycli XCO
A9: 3 | B9: Kokkola MTB XCC
A10: 4 | B10: Kokkola MTB XCO
A11: 5 | B11: XCC-SM
A12: 6 | B12: XCO-SM
A13: 7 | B13: Korsisaari XCO
A14: 8 | B14: Rovaniemi XCC
A17: Sarja | B17: Nimi | D17: 1 | E17: 2 | F17: 3 | G17: 4 | H17: 5 | I17: 6 | J17: Yht.
A18: M-Elite
B19: Utkin Mikhail | C19: =INDEX(Taulukko25[Seura],MATCH(B19,Taulukko25[Nimi],0)) -> Akilles | D19: 17 | E19: 15 | F19: 10 | G19: 20 | H19: 8 | J19: 70
B20: Rantanen Aksel | C20: =INDEX(Taulukko25[Seura],MATCH(B20,Taulukko25[Nimi],0)) -> VlkMTB | D20: 20 | E20: 17 | H20: 10 | I20: 20 | J20: 67
B21: Tuppurainen Ville | C21: =INDEX(Taulukko25[Seura],MATCH(B21,Taulukko25[Nimi],0)) -> JYPS | H21: 6 | I21: 17 | J21: 23
B22: Savaste Joni | C22: =INDEX(Taulukko25[Seura],MATCH(B22,Taulukko25[Nimi],0)) -> RaKe / Team Evoc | E22: 20 | J22: 20
B23: Vainio Mikko | C23: =INDEX(Taulukko25[Seura],MATCH(B23,Taulukko25[Nimi],0)) -> CC Ilves | F23: 6 | G23: 13 | J23: 19
B24: Teppo Petja | C24: =INDEX(Taulukko25[Seura],MATCH(B24,Taulukko25[Nimi],0)) -> GIF | G24: 17 | J24: 17
B25: Simonen Niklas | C25: =INDEX(Taulukko25[Seura],MATCH(B25,Taulukko25[Nimi],0)) -> TWD-Länken | D25: 15 | J25: 15
B26: Lipponen Aatu | C26: =INDEX(Taulukko25[Seura],MATCH(B26,Taulukko25[Nimi],0)) -> OTC | G26: 15 | J26: 15
B27: Lehtinen Sakari | C27: =INDEX(Taulukko25[Seura],MATCH(B27,Taulukko25[Nimi],0)) -> HyPy | I27: 15 | J27: 15
B28: Terho Niko | C28: =INDEX(Taulukko25[Seura],MATCH(B28,Taulukko25[Nimi],0)) -> TVC | E28: 13 | J28: 13
B29: Kleemola Joona | C29: =INDEX(Taulukko25[Seura],MATCH(B29,Taulukko25[Nimi],0)) -> LaPy | D29: 13 | J29: 13
B30: Sairanen Iiro | C30: =INDEX(Taulukko25[Seura],MATCH(B30,Taulukko25[Nimi],0)) -> IU | E30: 11 | J30: 11
B31: Karsikas Ilkka | C31: =INDEX(Taulukko25[Seura],MATCH(B31,Taulukko25[Nimi],0)) -> PyöRi | F31: 8 | J31: 8
B32: Väänänen Heikki | C32: =INDEX(Taulukko25[Seura],MATCH(B32,Taulukko25[Nimi],0)) -> VlkMTB | H32: 5 | J32: 5
B33: Halme Samuel | C33: =INDEX(Taulukko25[Seura],MATCH(B33,Taulukko25[Nimi],0)) -> JYPS | H33: 4 | J33: 4
B34: Ahtosalo Matias | C34: =INDEX(Taulukko25[Seura],MATCH(B34,Taulukko25[Nimi],0)) -> KorsKa | H34: 3 | J34: 3
A35: N-Elite
B36: Alusniemi Sini | C36: =INDEX(Taulukko25[Seura],MATCH(B36,Taulukko25[Nimi],0)) -> JYPS | E36: 20 | G36: 20 | I36: 20 | J36: 60
B37: Kanerva Noora | C37: =INDEX(Taulukko25[Seura],MATCH(B37,Taulukko25[Nimi],0)) -> KorsKa | D37: 17 | E37: 17 | I37: 17 | J37: 51
B38: Tapio Anni | C38: =INDEX(Taulukko25[Seura],MATCH(B38,Taulukko25[Nimi],0)) -> OP-P | F38: 10 | G38: 17 | H38: 4 | I38: 11 | J38: 42
B39: Häkkinen Hanna | C39: =INDEX(Taulukko25[Seura],MATCH(B39,Taulukko25[Nimi],0)) -> RSR | D39: 15 | I39: 15 | J39: 30
B40: Havana Henna-Mari | C40: =INDEX(Taulukko25[Seura],MATCH(B40,Taulukko25[Nimi],0)) -> OTC | H40: 10 | I40: 13 | J40: 23
B41: Mäkinen Sanna | C41: =INDEX(Taulukko25[Seura],MATCH(B41,Taulukko25[Nimi],0)) -> RSR | D41: 20 | J41: 20
B42: Teronen Anni | C42: =INDEX(Taulukko25[Seura],MATCH(B42,Taulukko25[Nimi],0)) -> ProMTB | E42: 15 | J42: 15
B43: Orvola Stella | C43: =INDEX(Taulukko25[Seura],MATCH(B43,Taulukko25[Nimi],0)) -> RMTB | D43: 13 | J43: 13
B44: Kansikas Sofia | C44: =INDEX(Taulukko25[Seura],MATCH(B44,Taulukko25[Nimi],0)) -> CCH | E44: 13 | J44: 13
B45: Saarela Ruska | C45: =INDEX(Taulukko25[Seura],MATCH(B45,Taulukko25[Nimi],0)) -> MSR | H45: 8 | J45: 8
B46: Snäll Astrid | C46: =INDEX(Taulukko25[Seura],MATCH(B46,Taulukko25[Nimi],0)) -> PoTa | H46: 6 | J46: 6
B47: Johansson Idamari | C47: =INDEX(Taulukko25[Seura],MATCH(B47,Taulukko25[Nimi],0)) -> Larsmo IF | H47: 5 | J47: 5
A48: MU19
B49: Hongisto Eero | C49: =INDEX(Taulukko25[Seura],MATCH(B49,Taulukko25[Nimi],0)) -> LrPy | D49: 20 | E49: 17 | F49: 8 | G49: 20 | H49: 6 | I49: 13 | J49: 84
B50: Kangasluoma Väinö | C50: =INDEX(Taulukko25[Seura],MATCH(B50,Taulukko25[Nimi],0)) -> Rideep | D50: 17 | E50: 13 | F50: 10 | G50: 17 | H50: 5 | I50: 15 | J50: 77
B51: Sundkvist William | C51: =INDEX(Taulukko25[Seura],MATCH(B51,Taulukko25[Nimi],0)) -> Larsmo IF | E51: 20 | H51: 8 | I51: 20 | J51: 48
B52: Juntunen Niko | C52: =INDEX(Taulukko25[Seura],MATCH(B52,Taulukko25[Nimi],0)) -> HyPy | D52: 13 | F52: 6 | G52: 15 | H52: 2 | I52: 9 | J52: 45
B53: Kaapu Oiva | C53: =INDEX(Taulukko25[Seura],MATCH(B53,Taulukko25[Nimi],0)) -> VlkMTB | D53: 15 | H53: 3 | I53: 10 | J53: 28
B54: Teppo Petja | C54: =INDEX(Taulukko25[Seura],MATCH(B54,Taulukko25[Nimi],0)) -> GIF | H54: 10 | I54: 17 | J54: 27
B55: Autio Elias | C55: =INDEX(Taulukko25[Seura],MATCH(B55,Taulukko25[Nimi],0)) -> OTC | D55: 10 | E55: 10 | I55: 7 | J55: 27
B56: Kuusniemi Kalle | C56: =INDEX(Taulukko25[Seura],MATCH(B56,Taulukko25[Nimi],0)) -> HyPy | E56: 11 | I56: 8 | J56: 19
B57: Granberg Isaac | C57: =INDEX(Taulukko25[Seura],MATCH(B57,Taulukko25[Nimi],0)) -> GIF / Prorog MTB Team | E57: 15 | J57: 15
B58: Lampila Veli | C58: =INDEX(Taulukko25[Seura],MATCH(B58,Taulukko25[Nimi],0)) -> ProMTB | H58: 4 | I58: 11 | J58: 15
B59: Jalonen Viljami | C59: =INDEX(Taulukko25[Seura],MATCH(B59,Taulukko25[Nimi],0)) -> KorsKa | D59: 11 | J59: 11
B60: Suomalainen Tuomas | C60: =INDEX(Taulukko25[Seura],MATCH(B60,Taulukko25[Nimi],0)) -> Hypy | D60: 9 | J60: 9
B61: Toivonen Nuutti | C61: =INDEX(Taulukko25[Seura],MATCH(B61,Taulukko25[Nimi],0)) -> KorsKa | H61: 1 | J61: 1
A62: NU19
B63: Pietilä Anni | C63: =INDEX(Taulukko25[Seura],MATCH(B63,Taulukko25[Nimi],0)) -> OTC | E63: 20 | F63: 6 | G63: 15 | H63: 8 | J63: 49
B64: Teronen Anni | C64: =INDEX(Taulukko25[Seura],MATCH(B64,Taulukko25[Nimi],0)) -> ProMTB | F64: 10 | G64: 20 | H64: 10 | J64: 40
B65: Koivula Ella | C65: =INDEX(Taulukko25[Seura],MATCH(B65,Taulukko25[Nimi],0)) -> KorsKa | F65: 4 | G65: 11 | H65: 5 | J65: 20
B66: Orvola Stella | C66: =INDEX(Taulukko25[Seura],MATCH(B66,Taulukko25[Nimi],0)) -> RMTB | F66: 5 | G66: 13 | J66: 18
B67: Kapanen Elisabet | C67: =INDEX(Taulukko25[Seura],MATCH(B67,Taulukko25[Nimi],0)) -> PoTa | H67: 6 | J67: 6
A68: M40
B69: Malm Mika | C69: =INDEX(Taulukko25[Seura],MATCH(B69,Taulukko25[Nimi],0)) -> TY | D69: 17 | E69: 17 | F69: 6 | G69: 13 | H69: 3 | I69: 9 | J69: 65
B70: Nieminen Pekka | C70: =INDEX(Taulukko25[Seura],MATCH(B70,Taulukko25[Nimi],0)) -> IU | F70: 10 | G70: 20 | H70: 6 | I70: 17 | J70: 53
B71: Tikkala Arto | C71: =INDEX(Taulukko25[Seura],MATCH(B71,Taulukko25[Nimi],0)) -> OP-P | G71: 15 | I71: 10 | J71: 25
B72: Miettinen Olli | C72: =INDEX(Taulukko25[Seura],MATCH(B72,Taulukko25[Nimi],0)) -> VeloSaimaa | H72: 5 | I72: 20 | J72: 25
B73: Havana Juha | C73: =INDEX(Taulukko25[Seura],MATCH(B73,Taulukko25[Nimi],0)) -> OTC | H73: 10 | I73: 13 | J73: 23
B74: Kupiainen Mikko | C74: =INDEX(Taulukko25[Seura],MATCH(B74,Taulukko25[Nimi],0)) -> HyPy | H74: 8 | I74: 15 | J74: 23
B75: Hesso Johannes | C75: =INDEX(Taulukko25[Seura],MATCH(B75,Taulukko25[Nimi],0)) -> CCH | D75: 20 | J75: 20
B76: Ristimäki Juha | C76: =INDEX(Taulukko25[Seura],MATCH(B76,Taulukko25[Nimi],0)) -> ProMTB | E76: 20 | J76: 20
B77: Härginen Dani | C77: =INDEX(Taulukko25[Seura],MATCH(B77,Taulukko25[Nimi],0)) -> KorsKa | G77: 17 | J77: 17
B78: Niskakangas Heikki | C78: =INDEX(Taulukko25[Seura],MATCH(B78,Taulukko25[Nimi],0)) -> IK-32 | I78: 11 | J78: 11
B79: Laitila Veikko | C79: =INDEX(Taulukko25[Seura],MATCH(B79,Taulukko25[Nimi],0)) -> Rideep | F79: 8 | H79: 2 | J79: 10
B80: Stenmark Mattias | C80: =INDEX(Taulukko25[Seura],MATCH(B80,Taulukko25[Nimi],0)) -> Larsmo IF | H80: 1 | I80: 8 | J80: 9
B81: Timmerbacka Juhani | C81: =INDEX(Taulukko25[Seura],MATCH(B81,Taulukko25[Nimi],0)) -> OTC | F81: 5 | J81: 5
B82: Sairanen Iiro | C82: =INDEX(Taulukko25[Seura],MATCH(B82,Taulukko25[Nimi],0)) -> IU | H82: 4 | J82: 4
B83: Åkerman Tord | C83: =INDEX(Taulukko25[Seura],MATCH(B83,Taulukko25[Nimi],0)) -> GIF | F83: 4 | J83: 4
B84: Niku Jussi | C84: =INDEX(Taulukko25[Seura],MATCH(B84,Taulukko25[Nimi],0)) -> OTC | F84: 3 | J84: 3
A85: N40
B86: Pirhonen Marja | C86: =INDEX(Taulukko25[Seura],MATCH(B86,Taulukko25[Nimi],0)) -> VlkMTB | D86: 20 | H86: 8 | I86: 20 | J86: 48
B87: Mielonen Noora | C87: =INDEX(Taulukko25[Seura],MATCH(B87,Taulukko25[Nimi],0)) -> Rideep | E87: 20 | H87: 10 | I87: 17 | J87: 47
B88: Hernetkoski Hanna | C88: =INDEX(Taulukko25[Seura],MATCH(B88,Taulukko25[Nimi],0)) -> RaKe | E88: 17 | F88: 5 | G88: 13 | H88: 6 | J88: 41
B89: Orvola Sari | C89: =INDEX(Taulukko25[Seura],MATCH(B89,Taulukko25[Nimi],0)) -> RMTB | F89: 8 | G89: 17 | J89: 25
B90: Perälä Suvi | C90: =INDEX(Taulukko25[Seura],MATCH(B90,Taulukko25[Nimi],0)) -> KorsKa | F90: 6 | G90: 15 | J90: 21
B91: Rusanen Riikka | C91: =INDEX(Taulukko25[Seura],MATCH(B91,Taulukko25[Nimi],0)) -> JäPy | I91: 15 | J91: 15
B92: Eskelinen Annika | C92: =INDEX(Taulukko25[Seura],MATCH(B92,Taulukko25[Nimi],0)) -> RaKe | H92: 5 | J92: 5
A93: M50
B94: Hakala Arto | C94: =INDEX(Taulukko25[Seura],MATCH(B94,Taulukko25[Nimi],0)) -> VlkMTB | D94: 17 | E94: 20 | F94: 10 | G94: 17 | H94: 6 | I94: 17 | J94: 87
B95: Parkkinen Markus | C95: =INDEX(Taulukko25[Seura],MATCH(B95,Taulukko25[Nimi],0)) -> Larsmo IF | G95: 20 | H95: 10 | I95: 15 | J95: 45
B96: Laine Mikko | C96: =INDEX(Taulukko25[Seura],MATCH(B96,Taulukko25[Nimi],0)) -> CC Ilves | D96: 15 | I96: 11 | J96: 26
B97: Vainio Panu | C97: =INDEX(Taulukko25[Seura],MATCH(B97,Taulukko25[Nimi],0)) -> CCH | D97: 13 | I97: 13 | J97: 26
B98: Visuri Samuli | C98: =INDEX(Taulukko25[Seura],MATCH(B98,Taulukko25[Nimi],0)) -> CCH | I98: 20 | J98: 20
B99: Korpela Aki | C99: =INDEX(Taulukko25[Seura],MATCH(B99,Taulukko25[Nimi],0)) -> VlkMTB | D99: 20 | J99: 20
B100: Nurminen Ilkka | C100: =INDEX(Taulukko25[Seura],MATCH(B100,Taulukko25[Nimi],0)) -> TVC | H100: 4 | I100: 10 | J100: 14
B101: Heinikainen Jari | C101: =INDEX(Taulukko25[Seura],MATCH(B101,Taulukko25[Nimi],0)) -> LaPy | H101: 8 | J101: 8
B102: Mursu Jaakko | C102: =INDEX(Taulukko25[Seura],MATCH(B102,Taulukko25[Nimi],0)) -> JoensPy | H102: 5 | J102: 5
A103: N50
...

Sheet Seura Pivot
A3: Riviotsikot | B3: Summa / Pisteet
A4: VlkMTB | B4: 275
A5: KorsKa | B5: 212
A6: OTC | B6: 199
A7: HyPy | B7: 162
A8: Rideep | B8: 134
A9: JYPS | B9: 111
A10: ProMTB | B10: 110
A11: CCH | B11: 109
A12: Larsmo IF | B12: 107
A13: Akilles | B13: 105
A14: OP-P | B14: 93
A15: IU | B15: 88
... A22: RaKe | B22: 46
A23: 0 | B23: 30
A24: RaKe / Team Evoc | B24: 30
A25: TVC | B25: 27
A26: Ei SP jäsenseura | B26: 25
A27: VeloSaimaa | B27: 25
A28: JäPy | B28: 25
A29: LaPy | B29: 21
A30: KangKi | B30: 20
A31: PVCC | B31: 20
A32: TWD-Länken | B32: 15
A33: GIF / Prorog MTB Team | B33: 15
A34: PoTa | B34: 12
A35: IK-32 | B35: 11
... A39: Kaikki yhteensä | B39: 2430

Sheet Taul3
A2: Rata | B2: ISM aika-ajo rata | C2: M-16 | D2: 1 | E2: Källberg Ivar | F2: Kraft
A3: Rata | B3: ISM aika-ajo rata | C3: M-16 | D3: 2 | E3: Oilinki Joona | F3: CCH
A4: Rata | B4: ISM aika-ajo rata | C4: M-16 | D4: 3 | E4: Vuorio René | F4: TuUL
A5: Rata | B5: ISM aika-ajo rata | C5: M-16 | D5: 4 | E5: Lahtinen Lauri | F5: KoiI
A6: Rata | B6: ISM aika-ajo rata | C6: M-16 | D6: 5 | E6: Yrjänäinen Eelis | F6: TuUL
A7: Rata | B7: ISM aika-ajo rata | C7: M-16 | D7: 6 | E7: Kuusisto Sebastian | F7: PoTa
A8: Rata | B8: ISM aika-ajo rata | C8: M-16 | D8: 7 | E8: Suikki Tuomas | F8: TuUL
A9: Rata | B9: ISM aika-ajo rata | C9: M-16 | D9: 8 | E9: Holopainen Arttu | F9: KoiI
A10: Rata | B10: ISM aika-ajo rata | C10: M-16 | D10: 9 | E10: Metsomäki Olli | F10: CCH
A11: Rata | B11: ISM aika-ajo rata | C11: M-10 | D11: 1 | E11: Peltonen Bruno | F11: PoTa
A12: Rata | B12: ISM aika-ajo rata | C12: M-10 | D12: 2 | E12: Holopainen Alex | F12: KoiI
A13: Rata | B13: ISM aika-ajo rata | C13: M-10 | D13: 3 | E13: Träskelin Pontus | F13: TVC
... A67: Rata | B67: ISM takaa-ajo | C67: N-16 | D67: 3 | E67: Terho Jessica | F67: TVC
A68: Maantie | B68: ISM aika-ajo | C68: M-10 | D68: 1 | E68: Väyrynen Viljami
A69: Maantie | B69: ISM aika-ajo | C69: M-10 | D69: 2 | E69: Malm Leo
A70: Maantie | B70: ISM aika-ajo | C70: M-10 | D70: 3 | E70: Lahtinen Reima
A71: Maantie | B71: ISM aika-ajo | C71: M-10 | D71: 4 | E71: Häikiö Aaro
A72: Maantie | B72: ISM aika-ajo | C72: M-10 | D72: 5 | E72: Riutta Lenni
A73: Maantie | B73: ISM aika-ajo | C73: M-10 | D73: 6 | E73: Pietilä Eddi
A74: Maantie | B74: ISM aika-ajo | C74: M-10 | D74: 7 | E74: Vasankari Eeli
A75: Maantie | B75: ISM aika-ajo | C75: M-10 | D75: 8 | E75: Peltonen Bruno
A76: Maantie | B76: ISM aika-ajo | C76: M-10 | D76: 9 | E76: Similä Eeli
A77: Maantie | B77: ISM aika-ajo | C77: M-10 | D77: 10 | E77: Samppala Aapo
A78: Maantie | B78: ISM aika-ajo | C78: M-10 | D78: 11 | E78: Nikkilä Elias
A79: Maantie | B79: ISM aika-ajo | C79: M-10 | D79: 12 | E79: Loukko Iivari
... A185: Maantie | B185: ISM maantie | C185: M-16 | D185: 9 | E185: Rose Antoni

Sheet Mitalistit
A1: Hei. Tässä mitalit Suomen Pyöräilyn Kultainen Kampi -cupissa menestyneille junioreille.
A2: Valitettavasti nuorisojaostolla ei ole resursseja järjestää valtakunnallista
A3: palkintojen jakoa, mutta toivomme että jaatte mitalit sopivan juhlallisessa seuran yhteisessä tilaisuudessa.
A4: Onnittelut menestyneille ja kiitos seurallenne pyöräilyn eteen tehdystä juniorityöstä.
A5: Suomen Pyöräily, Nuorisojaosto. / Vesa Laapas vesa.laapas@pyoraily.fi
A7: Laji | B7: Sarja | C7: Sija | D7: Nimi | E7: Seura
A8: Maasto | B8: MU11 | C8: 1 | D8: Pietilä Eddi | E8: GIF
A9: Maasto | B9: MU11 | C9: 2 | D9: Kirssi Antto | E9: KoPy
A10: Maasto | B10: MU11 | C10: 3 | D10: Henriksson Tatu | E10: RaKe
A11: Maasto | B11: MU13 | C11: 1 | D11: Granberg Jeremia | E11: GIF
A12: Maasto | B12: MU13 | C12: 2 | D12: Lehtonen Veeti | E12: TVC
A13: Maasto | B13: MU13 | C13: 3 | D13: Malinen Arttu | E13: JoensPy
A14: Maasto | B14: MU15 | C14: 1 | D14: Malinen Konsta | E14: JoensPy
A15: Maasto | B15: MU15 | C15: 2 | D15: Nieminen Kasperi | E15: IU
A16: Maasto | B16: MU15 | C16: 3 | D16: Kornijenko Kuzma | E16: CCH
A17: Maasto | B17: MU17 | C17: 1 | D17: Kangasluoma Väinö | E17: Rideep
A18: Maasto | B18: MU17 | C18: 2 | D18: Lampila Veli | E18: ProMTB
A19: Maasto | B19: MU17 | C19: 3 | D19: Terho Niko | E19: TVC
... A92: CX | B92: NU17 | C92: 1 | D92: Kajasoja Olivia | E92: Akilles

Sheet Osallistumiset CUP
A1: Sarja | B1: Nimi
A2: N40 | B2: Orvola Sari | J2: KokonaisCup
B3: Pirhonen Marja | H3: =IF(D3>0,1,0) -> 0 | I3: =IF(E3>0,1,0) -> 0 | J3: =SUM(G3:I3) -> 0
B4: Mielonen Noora | H4: =IF(D4>0,1,0) -> 0 | I4: =IF(E4>0,1,0) -> 0 | J4: =SUM(G4:I4) -> 0
B5: Perälä Suvi | H5: =IF(D5>0,1,0) -> 0 | I5: =IF(E5>0,1,0) -> 0 | J5: =SUM(G5:I5) -> 0
B6: Hernetkoski Hanna | H6: =IF(D6>0,1,0) -> 0 | I6: =IF(E6>0,1,0) -> 0 | J6: =SUM(G6:I6) -> 0
B7: Kaarjärv Maris | H7: =IF(D7>0,1,0) -> 0 | I7: =IF(E7>0,1,0) -> 0 | J7: =SUM(G7:I7) -> 0
B8: Eskelinen Annika | H8: =IF(D8>0,1,0) -> 0 | I8: =IF(E8>0,1,0) -> 0 | J8: =SUM(G8:I8) -> 0
B9: Rusanen Riikka | H9: =IF(D9>0,1,0) -> 0 | I9: =IF(E9>0,1,0) -> 0 | J9: =SUM(G9:I9) -> 0
A10: N40 Summa | H10: =IF(D10>0,1,0) -> 0 | I10: =IF(E10>0,1,0) -> 0 | J10: =SUM(G10:I10) -> 0
A11: NU19 | B11: Koivula Ella | H11: =IF(D11>0,1,0) -> 0 | I11: =IF(E11>0,1,0) -> 0 | J11: =SUM(G11:I11) -> 0
B12: Teronen Anni | H12: =IF(D12>0,1,0) -> 0 | I12: =IF(E12>0,1,0) -> 0 | J12: =SUM(G12:I12) -> 0
B13: Orvola Stella | H13: =IF(D13>0,1,0) -> 0 | I13: =IF(E13>0,1,0) -> 0 | J13: =SUM(G13:I13) -> 0
B14: Pietilä Anni | H14: =IF(D14>0,1,0) -> 0 | I14: =IF(E14>0,1,0) -> 0 | J14: =SUM(G14:I14) -> 0
B15: Kaarjärv Mairit | H15: =IF(D15>0,1,0) -> 0 | I15: =IF(E15>0,1,0) -> 0 | J15: =SUM(G15:I15) -> 0
B16: Kapanen Elisabet | H16: =IF(D16>0,1,0) -> 0 | I16: =IF(E16>0,1,0) -> 0 | J16: =SUM(G16:I16) -> 0
B17: Jordan Ellen | H17: =IF(D17>0,1,0) -> 0 | I17: =IF(E17>0,1,0) -> 0 | J17: =SUM(G17:I17) -> 0
A18: NU19 Summa | H18: =IF(D18>0,1,0) -> 0 | I18: =IF(E18>0,1,0) -> 0 | J18: =SUM(G18:I18) -> 0
A19: N-Elite | B19: Teronen Anni | H19: =IF(D19>0,1,0) -> 0 | I19: =IF(E19>0,1,0) -> 0 | J19: =SUM(G19:I19) -> 0
B20: Orvola Stella | H20: =IF(D20>0,1,0) -> 0 | I20: =IF(E20>0,1,0) -> 0 | J20: =SUM(G20:I20) -> 0
B21: Tapio Anni | H21: =IF(D21>0,1,0) -> 0 | I21: =IF(E21>0,1,0) -> 0 | J21: =SUM(G21:I21) -> 0
B22: Kanerva Noora | H22: =IF(D22>0,1,0) -> 0 | I22: =IF(E22>0,1,0) -> 0 | J22: =SUM(G22:I22) -> 0
B23: Kansikas Sofia | H23: =IF(D23>0,1,0) -> 0 | I23: =IF(E23>0,1,0) -> 0 | J23: =SUM(G23:I23) -> 0
B24: Alusniemi Sini | H24: =IF(D24>0,1,0) -> 0 | I24: =IF(E24>0,1,0) -> 0 | J24: =SUM(G24:I24) -> 0
B25: Mäkinen Sanna | H25: =IF(D25>0,1,0) -> 0 | I25: =IF(E25>0,1,0) -> 0 | J25: =SUM(G25:I25) -> 0
B26: Häkkinen Hanna | H26: =IF(D26>0,1,0) -> 0 | I26: =IF(E26>0,1,0) -> 0 | J26: =SUM(G26:I26) -> 0
B27: Havana Henna-Mari | H27: =IF(D27>0,1,0) -> 0 | I27: =IF(E27>0,1,0) -> 0 | J27: =SUM(G27:I27) -> 0
B28: Saarela Ruska | H28: =IF(D28>0,1,0) -> 0 | I28: =IF(E28>0,1,0) -> 0 | J28: =SUM(G28:I28) -> 0
B29: Snäll Astrid | H29: =IF(D29>0,1,0) -> 0 | I29: =IF(E29>0,1,0) -> 0 | J29: =SUM(G29:I29) -> 0
B30: Johansson Idamari | H30: =IF(D30>0,1,0) -> 0 | I30: =IF(E30>0,1,0) -> 0 | J30: =SUM(G30:I30) -> 0
A31: N-Elite Summa | H31: =IF(D31>0,1,0) -> 0 | I31: =IF(E31>0,1,0) -> 0 | J31: =SUM(G31:I31) -> 0
A32: M-Elite | B32: Hongisto Eero | H32: =IF(D32>0,1,0) -> 0 | I32: =IF(E32>0,1,0) -> 0 | J32: =SUM(G32:I32) -> 0
B33: Teppo Petja | H33: =IF(D33>0,1,0) -> 0 | I33: =IF(E33>0,1,0) -> 0 | J33: =SUM(G33:I33) -> 0
B34: Terho Niko | H34: =IF(D34>0,1,0) -> 0 | I34: =IF(E34>0,1,0) -> 0 | J34: =SUM(G34:I34) -> 0
B35: Heikkilä Niko | H35: =IF(D35>0,1,0) -> 0 | I35: =IF(E35>0,1,0) -> 0 | J35: =SUM(G35:I35) -> 0
B36: Lehtinen Sakari | H36: =IF(D36>0,1,0) -> 0 | I36: =IF(E36>0,1,0) -> 0 | J36: =SUM(G36:I36) -> 0
B37: Rantanen Aksel | H37: =IF(D37>0,1,0) -> 0 | I37: =IF(E37>0,1,0) -> 0 | J37: =SUM(G37:I37) -> 0
B38: Simonen Niklas | H38: =IF(D38>0,1,0) -> 0 | I38: =IF(E38>0,1,0) -> 0 | J38: =SUM(G38:I38) -> 0
B39: Sairanen Iiro | H39: =IF(D39>0,1,0) -> 0 | I39: =IF(E39>0,1,0) -> 0 | J39: =SUM(G39:I39) -> 0
B40: Väänänen Heikki | H40: =IF(D40>0,1,0) -> 0 | I40: =IF(E40>0,1,0) -> 0 | J40: =SUM(G40:I40) -> 0
B41: Tuppurainen Ville | H41: =IF(D41>0,1,0) -> 0 | I41: =IF(E41>0,1,0) -> 0 | J41: =SUM(G41:I41) -> 0
B42: Utkin Mikhail | H42: =IF(D42>0,1,0) -> 0 | I42: =IF(E42>0,1,0) -> 0 | J42: =SUM(G42:I42) -> 0
B43: Kleemola Joona | H43: =IF(D43>0,1,0) -> 0 | I43: =IF(E43>0,1,0) -> 0 | J43: =SUM(G43:I43) -> 0
B44: Savaste Joni | H44: =IF(D44>0,1,0) -> 0 | I44: =IF(E44>0,1,0) -> 0 | J44: =SUM(G44:I44) -> 0
... B54: Terävä Simo | H54: =IF(D54>0,1,0) -> 0 | I54: =IF(E54>0,1,0) -> 0 | J54: =SUM(G54:I54) -> 0
A55: M-Elite Summa | H55: =IF(D55>0,1,0) -> 0 | I55: =IF(E55>0,1,0) -> 0 | J55: =SUM(G55:I55) -> 0
A56: MU19 | B56: Hongisto Eero | H56: =IF(D56>0,1,0) -> 0 | I56: =IF(E56>0,1,0) -> 0 | J56: =SUM(G56:I56) -> 0
B57: Jalonen Viljami | H57: =IF(D57>0,1,0) -> 0 | I57: =IF(E57>0,1,0) -> 0 | J57: =SUM(G57:I57) -> 0
B58: Juntunen Niko | H58: =IF(D58>0,1,0) -> 0 | I58: =IF(E58>0,1,0) -> 0 | J58: =SUM(G58:I58) -> 0
B59: Kaapu Oiva | H59: =IF(D59>0,1,0) -> 0 | I59: =IF(E59>0,1,0) -> 0 | J59: =SUM(G59:I59) -> 0
B60: Kangasluoma Väinö | H60: =IF(D60>0,1,0) -> 0 | I60: =IF(E60>0,1,0) -> 0 | J60: =SUM(G60:I60) -> 0
B61: Lampila Veli | H61: =IF(D61>0,1,0) -> 0 | I61: =IF(E61>0,1,0) -> 0 | J61: =SUM(G61:I61) -> 0
B62: Sundkvist William | H62: =IF(D62>0,1,0) -> 0 | I62: =IF(E62>0,1,0) -> 0 | J62: =SUM(G62:I62) -> 0
B63: Teppo Petja | H63: =IF(D63>0,1,0) -> 0 | I63: =IF(E63>0,1,0) -> 0 | J63: =SUM(G63:I63) -> 0
B64: Autio Elias | H64: =IF(D64>0,1,0) -> 0 | I64: =IF(E64>0,1,0) -> 0 | J64: =SUM(G64:I64) -> 0
B65: Toivonen Nuutti | H65: =IF(D65>0,1,0) -> 0 | I65: =IF(E65>0,1,0) -> 0 | J65: =SUM(G65:I65) -> 0
B66: Suomalainen Tuomas | H66: =IF(D66>0,1,0) -> 0 | I66: =IF(E66>0,1,0) -> 0 | J66: =SUM(G66:I66) -> 0
B67: Granberg Isaac | H67: =IF(D67>0,1,0) -> 0 | I67: =IF(E67>0,1,0) -> 0 | J67: =SUM(G67:I67) -> 0
B68: Kuusniemi Kalle | H68: =IF(D68>0,1,0) -> 0 | I68: =IF(E68>0,1,0) -> 0 | J68: =SUM(G68:I68) -> 0
A69: MU19 Summa | H69: =IF(D69>0,1,0) -> 0 | I69: =IF(E69>0,1,0) -> 0 | J69: =SUM(G69:I69) -> 0
A70: M40 | B70: Kupiainen Mikko | H70: =IF(D70>0,1,0) -> 0 | I70: =IF(E70>0,1,0) -> 0 | J70: =SUM(G70:I70) -> 0
B71: Nieminen Pekka | H71: =IF(D71>0,1,0) -> 0 | I71: =IF(E71>0,1,0) -> 0 | J71: =SUM(G71:I71) -> 0
B72: Sairanen Iiro | H72: =IF(D72>0,1,0) -> 0 | I72: =IF(E72>0,1,0) -> 0 | J72: =SUM(G72:I72) -> 0
B73: Niskakangas Heikki | H73: =IF(D73>0,1,0) -> 0 | I73: =IF(E73>0,1,0) -> 0 | J73: =SUM(G73:I73) -> 0
B74: Laitila Veikko | H74: =IF(D74>0,1,0) -> 0 | I74: =IF(E74>0,1,0) -> 0 | J74: =SUM(G74:I74) -> 0
B75: Timmerbacka Juhani | H75: =IF(D75>0,1,0) -> 0 | I75: =IF(E75>0,1,0) -> 0 | J75: =SUM(G75:I75) -> 0
B76: Hesso Johannes | H76: =IF(D76>0,1,0) -> 0 | I76: =IF(E76>0,1,0) -> 0 | J76: =SUM(G76:I76) -> 0
B77: Malm Mika | H77: =IF(D77>0,1,0) -> 0 | I77: =IF(E77>0,1,0) -> 0 | J77: =SUM(G77:I77) -> 0
B78: Ristimäki Juha | H78: =IF(D78>0,1,0) -> 0 | I78: =IF(E78>0,1,0) -> 0 | J78: =SUM(G78:I78) -> 0
B79: Åkerman Tord | H79: =IF(D79>0,1,0) -> 0 | I79: =IF(E79>0,1,0) -> 0 | J79: =SUM(G79:I79) -> 0
B80: Niku Jussi | H80: =IF(D80>0,1,0) -> 0 | I80: =IF(E80>0,1,0) -> 0 | J80: =SUM(G80:I80) -> 0
B81: Härginen Dani | H81: =IF(D81>0,1,0) -> 0 | I81: =IF(E81>0,1,0) -> 0 | J81: =SUM(G81:I81) -> 0
B82: Tikkala Arto | H82: =IF(D82>0,1,0) -> 0 | I82: =IF(E82>0,1,0) -> 0 | J82: =SUM(G82:I82) -> 0
... B86: Kuitto Antti | H86: =IF(D86>0,1,0) -> 0 | I86: =IF(E86>0,1,0) -> 0 | J86: =SUM(G86:I86) -> 0
A87: M40 Summa | H87: =IF(D87>0,1,0) -> 0 | I87: =IF(E87>0,1,0) -> 0 | J87: =SUM(G87:I87) -> 0
A88: M50 | B88: Parkkinen Markus | H88: =IF(D88>0,1,0) -> 0 | I88: =IF(E88>0,1,0) -> 0 | J88: =SUM(G88:I88) -> 0
B89: Hakala Arto | H89: =IF(D89>0,1,0) -> 0 | I89: =IF(E89>0,1,0) -> 0 | J89: =SUM(G89:I89) -> 0
B90: Mursu Jaakko | H90: =IF(D90>0,1,0) -> 0 | I90: =IF(E90>0,1,0) -> 0 | J90: =SUM(G90:I90) -> 0
B91: Heinikainen Jari | H91: =IF(D91>0,1,0) -> 0 | I91: =IF(E91>0,1,0) -> 0 | J91: =SUM(G91:I91) -> 0
B92: Vainio Panu | H92: =IF(D92>0,1,0) -> 0 | I92: =IF(E92>0,1,0) -> 0 | J92: =SUM(G92:I92) -> 0
B93: Visuri Samuli | H93: =IF(D93>0,1,0) -> 0 | I93: =IF(E93>0,1,0) -> 0 | J93: =SUM(G93:I93) -> 0
B94: Korpela Aki | H94: =IF(D94>0,1,0) -> 0 | I94: =IF(E94>0,1,0) -> 0 | J94: =SUM(G94:I94) -> 0
B95: Laine Mikko | H95: =IF(D95>0,1,0) -> 0 | I95: =IF(E95>0,1,0) -> 0 | J95: =SUM(G95:I95) -> 0
B96: Nurminen Ilkka | H96: =IF(D96>0,1,0) -> 0 | I96: =IF(E96>0,1,0) -> 0 | J96: =SUM(G96:I96) -> 0
A97: M50 Summa | H97: =IF(D97>0,1,0) -> 0 | I97: =IF(E97>0,1,0) -> 0 | J97: =SUM(G97:I97) -> 0
A98: N50 | B98: Hildén Tiina | H98: =IF(D98>0,1,0) -> 0 | I98: =IF(E98>0,1,0) -> 0 | J98: =SUM(G98:I98) -> 0
B99: Laakkonen Katariina | H99: =IF(D99>0,1,0) -> 0 | I99: =IF(E99>0,1,0) -> 0 | J99: =SUM(G99:I99) -> 0
A100: N50 Summa | H100: =IF(D100>0,1,0) -> 0 | I100: =IF(E100>0,1,0) -> 0 | J100: =SUM(G100:I100) -> 0
A101: M60 | B101: Sammalisto Pekka | H101: =IF(D101>0,1,0) -> 0 | I101: =IF(E101>0,1,0) -> 0 | J101: =SUM(G101:I101) -> 0
A102: M60 Summa | H102: =IF(D102>0,1,0) -> 0 | I102: =IF(E102>0,1,0) -> 0 | J102: =SUM(G102:I102) -> 0
A103: Kaikki yhteensä | H103: =IF(D103>0,1,0) -> 0 | I103: =IF(E103>0,1,0) -> 0 | J103: =SUM(G103:I103) -> 0
H104: =IF(D104>0,1,0) -> 0 | I104: =IF(E104>0,1,0) -> 0 | J104: =SUM(G104:I104) -> 0
H105: =IF(D105>0,1,0) -> 0 | I105: =IF(E105>0,1,0) -> 0 | J105: =SUM(G105:I105) -> 0
H106: =IF(D106>0,1,0) -> 0 | I106: =IF(E106>0,1,0) -> 0 | J106: =SUM(G106:I106) -> 0
H107: =IF(D107>0,1,0) -> 0 | I107: =IF(E107>0,1,0) -> 0 | J107: =SUM(G107:I107) -> 0
H108: =IF(D108>0,1,0) -> 0 | I108: =IF(E108>0,1,0) -> 0 | J108: =SUM(G108:I108) -> 0
H109: =IF(D109>0,1,0) -> 0 | I109: =IF(E109>0,1,0) -> 0 | J109: =SUM(G109:I109) -> 0
H110: =IF(D110>0,1,0) -> 0 | I110: =IF(E110>0,1,0) -> 0 | J110: =SUM(G110:I110) -> 0
H111: =IF(D111>0,1,0) -> 0 | I111: =IF(E111>0,1,0) -> 0 | J111: =SUM(G111:I111) -> 0
H112: =IF(D112>0,1,0) -> 0 | I112: =IF(E112>0,1,0) -> 0 | J112: =SUM(G112:I112) -> 0
...

Sheet Ohjeet
A1: 1. Kopioi tuloksista tiedot DATA taulukkoon. Katso mallia edellisistä. Nimet muodossa Sukunimi + Etunimi
A2: 2. Päivitä Pivot-taulukko
A3: 3. Kopioi Pivot taulukon tiedot haluttuun cup-taulukkoon. Suodata pivot siten että näkyvissä on sen cupin pistett jotka haluat kopioida.
A4: 4. Lisää Kilpailu ja upota siihen tuloslinkki ajetut kilpailut kohtaan pistetaulukon alkuun.
A5: 5. Lisää tyhjät rivit sarjojen väleihin.
A6: 6. Lisää uudet ajajat Seurat sivulle. Seura haetaan automaattisesti taulukkoon. JOs seuraa ei löydy taulukosta, ruutuun tulee 0 tai #puuttuu
A8: Tulosta *.pdf.
A9: Nimeäminen:
A10: KK-MaantieCUP
A11: KK-MaastoCUP
A12: KK-KokonaisCUP
A16: Mitallikuvake lopullisiin tuloksiin
... A27: Esimerkki:
A28: Orvola Sari | B28: =INDEX(Taulukko25[Seura],MATCH(A28,Taulukko25[Nimi],0)) -> RMTB
